,Channel Name,Views,Likes,Subscribers
0,DanTDM,10484947,95313,29100000
1,Ctop,947871,10404,2190000
2,Camodo Gaming,1856919,19241,3660000
3,Sam Tabor Gaming,427045,7273,1330000
4,Sam Tabor Gaming,324489,6202,1330000
5,Markiplier,6955003,178417,37000000
6,Xbox,61831,1624,5510000
7,Johny Shows,2015185,5871,401000
8,GTLive,142673,10002,3710000
9,PlayStation,147441,3559,15900000
10,FGTeeV,12639560,92039,23900000
11,Sam Tabor Gaming,410718,9171,1330000
12,jacksepticeye,1431470,64468,30800000
13,Stovetop Studios,102733,817,270
14,FGTeeV,12146779,98643,23900000
15,jacksepticeye,1894432,75036,30800000
16,Gawbe,63608,286,212
17,Fynnpire,889189,8182,1360000
18,LetsPlay,118825,3548,3530000
19,EFtheDutch,37656,265,318
20,LetsPlay,348683,7101,3530000
21,Camodo Gaming,199360,3738,3660000
22,Camodo Gaming,485214,5492,3660000
23,Camodo Gaming,736947,8981,3660000
24,CO5TELLO,3507,18,38
25,Beautiful OB,548197,6450,1740000
26,Camodo Gaming,462020,7125,3660000
27,SwitchStars,5875,151,14500
28,Stovetop Studios,6734,61,270
29,Beautiful OB,128776,2037,1740000
30,Fynnpire,136001,1596,1360000
31,PlatGet,5755,44,355
32,PREZLEY,1308137,137,2510000
33,windy31,114653,10394,11000000
34,IGN,40519,627,18500000
35,Zony,4861,13,16
36,Cs√∫b - Az ≈∞rmedve,845075,12137,190000
37,Mastah_Pete,11063,51,390
38,Many A True Nerd,66572,2046,562000
39,–∏–≥—Ä–æ–≤–æ–π –∫–∞–Ω–∞–ª –ß–∞—Ä–ª–∏ –§—Ä–∞—è,1953705,15419,244000
40,Call Me Kevin,1452103,56967,3540000
41,Gawbe,13451,69,212
42,xenomancer,9155,37,103
43,Paqpa,655444,10553,391000
44,Natillumi,3830,477,34100
45,HorizontalDuck,49517,447,1020
46,Mastah_Pete,4925,31,390
47,Mastah_Pete,22661,150,390
48,Writing on Games,25984,2706,211000
49,Guillaume Brien,1932,25,23500
50,PlayStation,204426,2180,15900000
51,Nintendo of America,262796,6739,9610000
52,RTGame,1507900,53031,2860000
53,I Dream of Indie Games,11444,209,38200
54,Throneful,61727,203,2300000
55,Wanderbots,24292,478,490000
56,PlayStation Europe,11700,173,1430000
57,QuarterJade,334915,18293,679000
58,Áå´Áúü„ÅÑ„Å®,24,3,83
59,notverlis,33307,674,687
60,Failboat,576295,13341,1250000
61,LimX Dynamics,624471,13223,9580
62,LimX Dynamics,4030,287,9580
63,Noisy Pixel,4043,62,64200
64,Stumpt,110778,1557,540000
65,NExT Studios,105412,465,2490
66,XuHu Gaming,14840,107,139
67,The Frustrated Gamer,43663,1055,3050000
68,COLAS,679644,36570,688000
69,Beefy Smash Doods,25192,1773,395000
70,Gematsu,3111,34,70200
71,Biomechatronics and Intelligent Robotics Lab,53047,1815,2420
72,UT Human Centered Robotics Lab,26953,372,1380
73,GameCornerZ,267,5,7260
74,Sunnymuffin,1344,16,122
75,JHS,250433,12121,3060
76,Luke TheNotable,999043,39598,4770000
77,ÿ£Ÿàÿ≥ŸÖÿ≤ oCMz,419949,44516,8360000
78,–ö—Ä–æ—à–∫–∞ –ï–≤–∞,135617,6043,1040000
79,Kaiffu Live,132321,2328,192000
80,The Kennedy Center,18064,154,866000
81,SQUEEZIE GAMING,955822,54761,4930000
82,RTA in Japan,45523,625,475000
83,Gematsu,9493,34,70200
84,META Publishing,1984,31,576
85,DisneyResearchHub,82282,-1,128000
86,Interesting Engineering,34897,692,1590000
87,Technovation Projects,194195,2041,2810
88,Wholesome Games,280,6,42200
89,Candlemations Music,15815,241,665
90,ViteC ‚ñ∫ Play,586970,12996,3810000
91,PlayStation Asia,1290,11,55500
92,The Overseer ,56007,2493,21800
93,Ëä±Ê±üÂ§èÊ®π,407732,8031,2100000
94,Alexander Zynx,249,14,6450
95,LimX Dynamics,651800,8612,9580
96,Guinness World Records,18824438,338622,12900000
97,–ú–∏—à–∫–∞ –∏ –Æ–ª—è,199419,6275,720000
98,Cleansound Studio,10112,616,531000
99,Ryo Figo,2893,165,1110000
100,ChilledChaosGAME,207748,6276,416000
101,TheStellarJay,13141,143,311000
102,Other Ocean Interactive,40932,614,1260
103,ChilledChaosGAME,167522,4799,416000
104,Squaye,325,11,56
105,GhostyKJ,75,3,2420
106,Wanderbots,4110,167,490000
107,Wanderbots,3635,163,490000
108,ZeRoyalViking,78532,2757,802000
109,Kara Games,4634,162,44600
110,ZeRoyalViking,108786,3863,802000
111,ZeRoyalViking,43676,1914,802000
112,ChilledChaosGAME,336683,6366,416000
113,Carman Dirda,43,2,194
114,Wanderbots,3496,151,490000
115,Wanderbots,4641,186,490000
116,The mosters toster,33,1,6
117,Jumperpiggy Games,29,0,23
118,ArchJP,295,19,207
119,Bladii,19383,1157,917000
120,ZeRoyalViking,50768,2125,802000
121,Graeme Games,341,22,50300
122,Novasile,1000,16,8
123,GhostyKJ,37,0,2420
124,Stealth Banana,51,3,97
125,Wanderbots,2716,117,490000
126,GhostyKJ,129,4,2420
127,Project COE,132,10,14600
128,Hooded,23,1,75
129,Wanderbots,9674,339,490000
130,Wanderbots,3769,152,490000
131,Guffy Bear,22,0,81
132,HeyItsMePizzaDog,34,6,66
133,Jireh Torres,227,5,946
134,CNPDave,42,7,1560
135,CNPDave,48,6,1560
136,BYZE,54606,3327,542000
137,Wanderbots,4373,179,490000
138,ArtReinjer,5780,310,14900
139,ChilledChaosGAME,195445,5113,416000
140,RichardYT,9,0,132
141,Wanderbots,4142,159,490000
142,Wanderbots,4350,168,490000
143,Inspirer Games,9341,926,152000
144,Knight's Arcade,193,17,25100
145,Kinder Play,2417,119,67700
146,SLEP,81,7,50
147,Benstekar,13,0,307
148,Wanderbots,5323,204,490000
149,CNPDave,66,9,1560
150,PlayStation,605122,8929,15900000
151,Throneful,72174,316,2300000
152,H2ODelirious,569688,27550,13500000
153,GamingBolt,151682,1224,1290000
154,XCageGame,216247,1228,560000
155,SwitchUp,40704,522,365000
156,PlayStation Europe,38656,493,1430000
157,PlayStation,214243,3062,15900000
158,CaRtOoNz,352508,18384,3990000
159,IGN,336758,2287,18500000
160,Louay Khemiri,381517,4865,313000
161,Team17,431051,188,74200
162,EurogamerGermany,627,6,12500
163,PlayStation Europe,18922,296,1430000
164,Handheld Players,56225,191,62500
165,PlayStation,172957,4917,15900000
166,Blitz,113413,3441,4240000
167,JUEST PK,1992,21,51
168,PlayStation Australia,1098,22,181000
169,Wormls,247,7,20
170,Vy-Starix ,338,3,451
171,PS360HD,5094,37,153000
172,ASSASIN_K-I-D,11852,145,3910
173,FUNnel Boy & Friends,107578,1225,878000
174,GassyMexican,28060,1026,1320000
175,T4jke,11215,68,157
176,8BE,2208,51,92500
177,MoonManKelvin,11218,125,76
178,Malachi Caraway,14679,161,33
179,TimeToGrind,12162,192,34200
180,RTS Battle Room,3503,53,169000
181,DadlyGamerTV,5651,57,159
182,PC Games,58430,362,247000
183,Christian Torres,2144,15,61
184,farfromsubtle,43102,385,304000
185,PlayStation Japan,7604,65,792000
186,Hat Gaming,38432,2483,142000
187,farfromsubtle,8543,-1,304000
188,Montalv√£o,15245,1390,2890000
189,PlayStation,206651,4525,15900000
190,‚ãêA Hollow Contranym‚ãë,81,0,85
191,PlayStation,37206,1217,15900000
192,Zzacharoni,1006,19,58
193,Luckyfeet,73,0,7
194,JERE,68,1,2
195,AllGamesWorldHd,5987,32,84900
196,Nintendo UK,3532,67,499000
197,LetsPlay,195623,5460,3530000
198,Big Stink,182,5,20
199,Larry Clayton,3618,55,634
200,SpyCakes,63943,1739,4180000
201,Beautiful OB,34208,1086,1740000
202,Beautiful OB,96917,2239,1740000
203,Maze,43556,482,19000
204,Maze,12411,145,19000
205,SpyCakes,190779,3322,4180000
206,Nintendo of America,52401,890,9610000
207,SpyCakes,776588,10345,4180000
208,AstroFort,563,14,49
209,Beautiful OB,2248,185,1740000
210,SpyCakes,706867,6791,4180000
211,SpyCakes,278926,4216,4180000
212,RubberBandGames,435906,3724,12600
213,SpyCakes,276074,3971,4180000
214,SpyCakes,579154,4650,4180000
215,SpyCakes,616890,7928,4180000
216,SpyCakes,514788,5434,4180000
217,Ctop,281347,5018,2190000
218,SpyCakes,2537223,31798,4180000
219,SpyCakes,658741,6452,4180000
220,Maze,24434,277,19000
221,SpyCakes,1049949,10354,4180000
222,SpyCakes,517943,5555,4180000
223,Beautiful OB,64745,2141,1740000
224,SpyCakes,5950925,46780,4180000
225,SpyCakes,1778252,19896,4180000
226,SpyCakes,2006444,15221,4180000
227,SpyCakes,513377,5183,4180000
228,SpyCakes,869405,9893,4180000
229,Camodo Gaming,149658,2725,3660000
230,Maze,28923,259,19000
231,SpyCakes,843212,7934,4180000
232,SpyCakes,283161,4130,4180000
233,SpyCakes,384619,3778,4180000
234,SpyCakes,553313,6394,4180000
235,Ctop,136829,2642,2190000
236,SpyCakes,387843,5981,4180000
237,Beautiful OB,199619,2742,1740000
238,Camodo Gaming,110134,2734,3660000
239,SpyCakes,451892,4755,4180000
240,SpyCakes,879719,10493,4180000
241,tommohawkaction (tommohawkaction),4108659,10605,9970
242,SpyCakes,2032719,17682,4180000
243,Kindly Keyin,141447,1880,5440000
244,Beautiful OB,67879,2412,1740000
245,Ctop,248247,4145,2190000
246,Beautiful OB,229752,7272,1740000
247,Arazhul,222738,4880,2710000
248,SpyCakes,2194290,22247,4180000
249,Odo Kentang,53358,2285,2850000
250,Xbox,1215530,19945,5510000
251,InvertOG,4700424,50242,1090000
252,SMii7Y,3482547,120100,7320000
253,Vicksy,8779,513,16200
254,Party Animals,36281,1367,20200
255,Smosh Games,901207,33901,7780000
256,VanossGaming,587381,27511,25900000
257,Party Animals,82124,1490,20200
258,The8Bittheater,127,6,1300000
259,Nat Geo Kids,1364260,698,1270000
260,Flamingo,1499145,54903,13000000
261,Grizzy,382347,19134,2060000
262,Nat Geo Kids,204835,235,1270000
263,The Boys Gaming,1453964,52765,729000
264,ItsFunneh,2218623,30192,11400000
265,VanossGaming,1479380,55002,25900000
266,Vicksy,81835,2439,16200
267,SMii7Y,3599906,128301,7320000
268,ItsFunneh,1950493,28035,11400000
269,CaRtOoNz,463655,16268,3990000
270,Derk,193923,2682,34800
271,Fudgy,574978,5198,3350000
272,Dangthatsalongname,214664,9988,1430000
273,Slogo,472392,10884,11800000
274,CaRtOoNz,192455,9302,3990000
275,Rhymestyle,307578,18173,1270000
276,SMii7Y,2367001,110999,7320000
277,Mr. Fruit,78246,4944,2130000
278,v Mamacita,12160,447,54300
279,CharlyBlackVEVO,13261767,71962,1000000
280,SMii7Yplus,1755999,84397,3570000
281,Fudgy,426932,4953,3350000
282,ItsFunneh,1911731,26735,11400000
283,The Party Animals,13219,159,193000
284,VanossGaming,1387123,51698,25900000
285,The Party Animals,32292,396,193000
286,SMii7Yplus,1367469,75229,3570000
287,WhackyCast,332908,3634,1390000
288,SMii7Y,2307931,78204,7320000
289,LordMinion777,28661,2092,1820000
290,PewDiePie,6705479,373466,111000000
291,SMii7Yminus,2353043,12455,963000
292,PolarCub,403651,11474,426000
293,Grizzy,501727,18542,2060000
294,Furo,108776,3153,21100
295,Vicksy,2309,120,16200
296,WhackyCast,118828,1338,1390000
297,Fudgy,594883,5425,3350000
298,TechyCrew,289208,4006,96200
299,Ctop,226660,3087,2190000
300,Boltrix,45111,1264,470000
301,Boltrix,22876,795,470000
302,Boltrix,14983,700,470000
303,Boltrix,13337,574,470000
304,Ryan Mehalic,3375,183,48800
305,Boltrix,41384,1504,470000
306,Boltrix,141330,3187,470000
307,Boltrix,46605,1238,470000
308,Boltrix,74703,2276,470000
309,Boltrix,32531,1090,470000
310,Boltrix,372612,11088,470000
311,SSundee,3826883,170090,24200000
312,Boltrix,56685,1703,470000
313,Boltrix,45445,1484,470000
314,Tewbre,242916,4706,807000
315,Boltrix,24307,918,470000
316,Boltrix,85429,2227,470000
317,Boltrix,43236,2485,470000
318,Boltrix,33602,1133,470000
319,Boltrix,18928,685,470000
320,Boltrix,103593,3086,470000
321,Boltrix,99322,3217,470000
322,Boltrix,29578,1050,470000
323,Tewbre,517664,11427,807000
324,Tewbre,340607,6523,807000
325,Ryan Mehalic,7454,298,48800
326,Boltrix,179248,4309,470000
327,Boltrix,71670,1710,470000
328,Boltrix,26416,1021,470000
329,Boltrix,31999,1149,470000
330,Boltrix,44511,1442,470000
331,Boltrix,35550,1227,470000
332,Boltrix,37876,1372,470000
333,Boltrix,49902,1614,470000
334,Boltrix,40481,1490,470000
335,Boltrix,39400,1365,470000
336,Boltrix,21575,986,470000
337,Boltrix,46875,1596,470000
338,Boltrix,41620,1353,470000
339,Boltrix,59691,1598,470000
340,Boltrix,60158,1904,470000
341,Boltrix,30357,1054,470000
342,Boltrix,23947,1272,470000
343,Boltrix,36711,1213,470000
344,Boltrix,17473,711,470000
345,Boltrix,21725,926,470000
346,Boltrix,71557,1826,470000
347,Boltrix,30841,1106,470000
348,Ryan Mehalic,14687,469,48800
349,Ryan Mehalic,18913,487,48800
350,SMii7Y,8864210,276460,7320000
351,Rico The Giant,4633023,181244,1100000
352,Disguised Toast,279398,8441,3810000
353,SMii7Y,2185579,100665,7320000
354,Nintendo of America,76239,1926,9610000
355,VanossGaming,4044305,138467,25900000
356,ItsFunneh,6488717,111271,11400000
357,OfflineTV & Friends Fans,191412,3921,48500
358,Nexith,388,6,429
359,Grian,755960,47140,8610000
360,special edd,1977019,60506,4710000
361,SSundee,9016309,229578,24200000
362,teco park,401182,2329,643
363,Animators VS Games,7718356,151819,1230000
364,Socksfor2,5149560,56839,2590000
365,LaurenzLIVEside,9789996,51766,483000
366,Rivers,637893,42890,4250000
367,Smosh Games,378184,18857,7780000
368,VanossGaming,921828,43274,25900000
369,Socksfor2,3773544,41190,2590000
370,The Boys Gaming,594805,25439,729000
371,Two Much Grian,915676,43742,885000
372,Disguised Toast,439599,15489,3810000
373,ItsFunneh,1217663,28419,11400000
374,Grian,425635,30541,8610000
375,SQUEEZIE GAMING,191326,17407,4930000
376,SSundee,2863176,68534,24200000
377,RDC Live,294007,9770,449000
378,alanzoka,2194221,133355,8010000
379,Slogo,6074074,234038,11800000
380,Memey,4033593,49246,805000
381,Streamer Moments,27160,404,32400
382,LankyBox,2632925,17581,40000000
383,Grizzy,302934,11450,2060000
384,ItsFunneh,6234067,112631,11400000
385,VanossGaming,740168,33800,25900000
386,Ray Narvaez Jr,122559,2240,581000
387,Disguised Toast,519053,10900,3810000
388,GameToons,2102723,57752,11700000
389,Bigpuffer,571750,21436,1090000
390,LaurenZside,1381453,64076,9270000
391,Gloom,1879321,52337,7540000
392,MoreGrizzy,757420,28158,350000
393,TechyCrew,163369,2875,96200
394,OfflineTV & Friends Fans,264787,5296,48500
395,Teo,2274386,56607,1420000
396,Mithzan,71357,4926,862000
397,Grizzy,408269,16953,2060000
398,Dokibird,70231,5371,784000
399,RDC Live,476643,9568,449000
400,SSundee,1638373,52140,24200000
401,SSundee,7051191,200345,24200000
402,Sigils,174822,8609,1390000
403,SSundee,1488987,38293,24200000
404,SSundee,8787720,171385,24200000
405,Daily Dose Of OTV,168004,2224,17300
406,JeromeASF,38518,1985,5400000
407,SSundee,5990968,122340,24200000
408,match masters,198,2,7800
409,SSundee,5547036,175389,24200000
410,SMii7Y,4953684,144966,7320000
411,SSundee,7720964,198066,24200000
412,Kaif,419339,10712,706000
413,Slogo,765112,24003,11800000
414,Daily Dose Of OTV,66715,920,17300
415,SSundee,5094610,119273,24200000
416,JeromeACE,37130,2017,807000
417,JeromeACE,29297,1598,807000
418,Dizoff,434330,28316,558000
419,JeromeACE,43250,1869,807000
420,Best Of SSundee,19134,388,87200
421,Biffle,95054,4571,1150000
422,Slogo,356992,17090,11800000
423,Jerome LIVE,2939,177,157000
424,SMii7Yplus,5076555,162975,3570000
425,SSundee,5501364,146240,24200000
426,Scruffman,19501,326,1170
427,Tewbre,32440,1409,807000
428,JeromeACE,34468,1829,807000
429,JeromeACE,27380,1565,807000
430,Caylus  ,656686,10437,16700000
431,VEGETTA777,303617,27095,34100000
432,JeromeASF,149977,5548,5400000
433,Sigils,147432,8338,1390000
434,JeromeACE,46114,2304,807000
435,JeromeACE,43439,2114,807000
436,The Yogscast,137660,7219,7060000
437,JeromeACE,28571,1597,807000
438,JeromeASF,29912,1716,5400000
439,BasicallyIDoWrk,55836,3011,4790000
440,JeromeACE,82793,2767,807000
441,SMii7Y,3873214,110379,7320000
442,PietSmiet,143818,7339,2470000
443,JeromeASF Movies,13228,232,12100
444,PietSmiet,119286,5514,2470000
445,Salt Raiders,170762,4619,113000
446,JeromeACE,65860,3161,807000
447,Salt Raiders,145479,3689,113000
448,JeromeACE,57733,2910,807000
449,Jerome LIVE,5010,233,157000
450,SSundee,4134135,137371,24200000
451,SSundee,2194380,46174,24200000
452,Sigils,151480,6221,1390000
453,Mithzan,52777,3519,862000
454,Mithzan,49525,3540,862000
455,SSundee,3800671,102326,24200000
456,SSundee,2124070,47376,24200000
457,Biffle,187575,5556,1150000
458,Crew Mars,840,-1,169000
459,Blauski,36176,512,33600
460,ItsFunneh,2917173,40286,11400000
461,Valkyrae2,53375,3044,348000
462,ItsFunneh,1991998,36616,11400000
463,Disguised Toast,559809,21252,3810000
464,ItsFunneh,1848439,34439,11400000
465,ItsFunneh,3583559,56569,11400000
466,Zud,329548,6557,362000
467,ItsFunneh,2921516,42285,11400000
468,ERAY,58622,4829,415000
469,ItsFunneh,4183564,45123,11400000
470,ELmoez - ÿßŸÑŸÖÿπÿ≤,160458,8198,79700
471,–õ—É—á—à–µ–µ —Å T2x2,300697,9052,381000
472,GarryBlox,20308,693,962000
473,Gaggle Studios,123602,1286,6300
474,Souzones,299449,33826,1080000
475,–ù–∞—Ä–µ–∑–∫–∏ –°—Ç–∏–Ω—Ç–∞,242018,9721,319000
476,Gaggle Studios,86449,2777,6300
477,CTS Live,248444,3329,347000
478,–ù–∞—Ä–µ–∑–∫–∏ –°—Ç–∏–Ω—Ç–∞,375276,11562,319000
479,Souzones,171738,21366,1080000
480,MixiGaming,2556403,25418,7700000
481,gela perna ,32971,4133,222000
482,MinnDak Outdoors,10619,496,255000
483,Aung Paing Cho,44930,696,39600
484,ERAY,97173,5479,415000
485,Two Players One Console,92406,6112,2910000
486,–û—Ä–∫-–ø–æ–¥–∫–∞—Å—Ç–µ—Ä [c—Ç—Ä–∏–º—ã],137796,2125,78000
487,MarweX,66735,3276,464000
488,CTS Live,54712,2104,347000
489,Two Players One Console,114952,6761,2910000
490,Souzones,304718,30628,1080000
491,Elraenn,2340496,55162,3080000
492,Souzones,223027,25402,1080000
493,Barƒ±≈ü Can,212778,18005,2600000
494,Souzones,212727,27787,1080000
495,MarweX,22051,1490,464000
496,Souzones,202746,23704,1080000
497,IceBlueBird,20411,1151,421000
498,–ù–∞—Ä–µ–∑–æ—á–∫–∏ –æ—Ç –û—Ä—á–µ,127525,9011,104000
499,Souzones,602394,42203,1080000
500,More Luke,14755,422,95100
501,BabyYoda_TV,35897,917,808000
502,Coral,12409,363,1990000
503,Mang Yellow,24261175,971067,6130000
504,Mang Yellow,2998002,133063,6130000
505,Coral,264,29,1990000
506,BabyYoda_TV,90185,1667,808000
507,Mang Yellow,13649832,418102,6130000
508,Coral,13734704,317853,1990000
509,BabyYoda_TV,5038048,132506,808000
510,BabyYoda_TV,67374,1355,808000
511,Mobile Arcade,4100874,14951,598000
512,Blade YT,4008993,114664,319000
513,FGTeeV,21487253,116686,23900000
514,Coral,2421710,65846,1990000
515,Ilham Suganda,4464637,153295,255000
516,BabyYoda_TV,64474,1118,808000
517,BabyYoda_TV,243544,2560,808000
518,Bkt1039,2612784,10230,12300
519,JONBTC JUEGA,36608,2129,1310000
520,BabyYoda_TV,48462,934,808000
521,BabyYoda_TV,60485,1389,808000
522,AJIK Z,3437061,22740,393000
523,Mang Yellow,5016,211,6130000
524,BabyYoda_TV,118678,1612,808000
525,ApelaoGamer BR 329,2274,152,1620000
526,BabyYoda_TV,360097,3528,808000
527,BabyYoda_TV,58999,1109,808000
528,EoOnG Gaming,75351,2638,364000
529,Coral,2723715,75637,1990000
530,BabyYoda_TV,97019,1526,808000
531,BabyYoda_TV,38818,995,808000
532,vabqa,7286735,236001,28100
533,MagLobao,7124,637,1180000
534,Sahrul Rajuan,1885891,67150,570000
535,Jonbtc,34431,1371,8000000
536,BabyYoda_TV,131190,1520,808000
537,BabyYoda_TV,210968,1998,808000
538,BabyYoda_TV,33723,831,808000
539,Coral,716104,18883,1990000
540,BabyYoda_TV,76077,1585,808000
541,More Luke,44307,813,95100
542,EoOnG Gaming,1053966,28776,364000
543,Mang Yellow,4881611,137637,6130000
544,Coral,2647,114,1990000
545,Gxstavo7,853950,44128,530000
546,YUSOKI,2693888,209896,952000
547,Mobile Arcade,18253508,108130,598000
548,Pabllym,5619,345,4510000
549,AheedPlayzz2.0,952322,26694,486000
550,DotoDoya,308229,16066,913000
551,SSundee,3179386,61443,24200000
552,CaRtOoNz,331046,15327,3990000
553,Johan Gr√∂nvall - Zapray Games,16196828,559393,419000
554,Phunix,727234,11175,266000
555,Phunix,612542,15710,266000
556,Blitz,151682,4107,4240000
557,CaRtOoNz,277906,13481,3990000
558,TheMoltenPhantom,323,15,1390
559,Phunix,1059951,14596,266000
560,Phunix,104153,3261,266000
561,Phunix,620989,11469,266000
562,Tewbre,426012,2913,807000
563,EEGAR,49641,1254,1730
564,Johan Gr√∂nvall - Zapray Games,6951775,262584,419000
565,EEGAR,74372,1255,1730
566,CaRtOoNz,188364,9382,3990000
567,Blitz,118897,3600,4240000
568,JeromeACE,40489,4293,807000
569,CaRtOoNz,205467,11319,3990000
570,JeromeACE,30273,1170,807000
571,Bopl Bros,15467,330,2810
572,TheMoltenPhantom,11406,245,1390
573,Phunix,118761,2874,266000
574,Phunix,132441,3268,266000
575,TheMoltenPhantom,105311,1508,1390
576,Stumpt,33289,983,540000
577,CaRtOoNz,307566,11680,3990000
578,Stumpt,110666,2725,540000
579,Phunix,49274,1846,266000
580,Phunix,127913,3331,266000
581,EEGAR,86688,1806,1730
582,CaRtOoNz,357767,12689,3990000
583,JeromeACE,235202,4326,807000
584,Neebs Magic Dumpster,64707,3088,133000
585,JeromeACE,47504,1783,807000
586,Bopl Bros,88403,1317,2810
587,Phunix,398094,9295,266000
588,zero1two3,7581,283,1620
589,EEGAR,6271,181,1730
590,AQUISI,548780,27885,1550000
591,jvnq,20390,2477,6130000
592,JeromeACE,35965,1794,807000
593,Phunix,277157,5765,266000
594,Silvio Gamer,1309186,37291,8800000
595,Ycro,130820,14578,2160000
596,EEGAR,6013,194,1730
597,DeaDem,97389,9557,451000
598,EEGAR,3939,118,1730
599,zero1two3,4821,164,1620
600,CoryxKenshin,18873555,520217,19100000
601,DaniClips,2525345,180269,391000
602,penguinz0,4688891,161384,16000000
603,Kubz Scouts,1113250,65292,5700000
604,Dani,10784757,546823,3560000
605,ItsFunneh,7569725,99608,11400000
606,InterndotGif,1880211,13155,327000
607,IGN,348275,5893,18500000
608,skereh,449,22,110
609,special edd,952523,29589,4710000
610,FGTeeV,9047155,59316,23900000
611,TechyCrew,316284,4806,96200
612,8-BitRyan,759217,32475,4110000
613,ItsFunneh,2878199,49091,11400000
614,Call Me Kevin,908824,53115,3540000
615,Etoile et Soup,15854,1234,14300
616,Gloom,725717,27478,7540000
617,Mithzan,57250,3878,862000
618,Ceres Fauna Ch. hololive-EN,139983,10767,902000
619,Kindly Keyin,732530,6243,5440000
620,The Boys React,2777897,81614,1460000
621,Ludwig,1290104,55390,6320000
622,Pokimane,362672,16067,6620000
623,Aggro Crab,879799,30566,106000
624,Polritz,72513,4312,55500
625,eezyTV,591003,20008,419000
626,SSundee,3180787,97070,24200000
627,Nerrev,279076,11769,70000
628,RTGame,783839,40248,2860000
629,Corpse Husband,5051759,283450,7230000
630,xQc,579046,18080,2360000
631,CaRtOoNz,322864,15250,3990000
632,penguinz0,3734208,111226,16000000
633,Sketch,518908,11956,5140000
634,Limealicious,44815,3494,313000
635,ImCade,217539,4002,745000
636,Dani,14226309,544164,3560000
637,Matara Kan,39323,2424,215000
638,Blitz,700989,8928,4240000
639,SapnapLIVE,299215,25140,789000
640,VanossGaming,1384061,54355,25900000
641,VanossGaming,2713299,100988,25900000
642,Denis,301079,11355,9320000
643,Slogo,1506904,50523,11800000
644,penguinz0,1637383,40384,16000000
645,Sykkuno,387259,23495,2820000
646,Slimecicle VODS,416932,14571,339000
647,BisteconeLive,413530,19826,985000
648,Aggro Crab,796247,57020,106000
649,Valkyrae2,677222,25458,348000
650,WILDCAT,342440,12975,8020000
651,FilmRise Television,859368,4807,312000
652,Crackle,130828,946,547000
653,Bonus Stage Publishing,5614,64,288
654,TCON,5329,130,10800
655,FilmRise Television,356709,2908,312000
656,FilmRise Television,210991,1278,312000
657,FilmRise Television,228795,1182,312000
658,ISSF - International Shooting Sport Federation,488,14,152000
659,Film Movement,22179,90,94700
660,FilmRise Television,179698,1122,312000
661,FilmRise Television,132020,934,312000
662,FilmRise Television,163643,1087,312000
663,Survive History,270780,15154,184000
664,FilmRise Television,145731,895,312000
665,Royal Gaming,6017,78,4860
666,FilmRise Television,166733,1165,312000
667,Manic Movies,595516,2187,27900
668,FilmRise Television,155887,976,312000
669,FilmRise Television,118479,822,312000
670,RumbleRodz13,312,5,1780
671,FilmRise Television,246544,1528,312000
672,Emppi,157,3,640
673,Jonsandman Plays,2662,88,126000
674,Sharpe,1402004,8183,104000
675,MAZAVS - Games Channel,450,6,31700
676,NORMOGAMES,8656,26,36
677,UniQverse,252,5,1030
678,ReviewGame,12,0,19700
679,The Riflemen Las Vegas,1210,15,7
680,DEMO GAMER PC,150,7,2820
681,TheLabVideoGameTV,1805,83,5500
682,Bonus Stage Publishing,41,0,288
683,Ingen,7573185,122315,401000
684,Bobby Horton - Topic,18201,196,7280
685,Equal Vision Records,4722,84,497000
686,NORMOGAMES,229,16,36
687,Canal gameplay,460,18,51
688,Nomadic Meow,74,2,1600
689,itFredda,27,5,1690
690,Hillbilly Daddy,5298,142,1430
691,MAJORRZKEN,640,15,707
692,Bonus Stage Publishing,49,2,288
693,Melody Jett Werner,50,4,778
694,RADIOACTIVEBOYZZ,1699,2,398
695,Ranmak,958,22,1060
696,FOH,15,2,4
697,folkingdotcom,24106,39,2130
698,Birdie_1991 Gaming.,1896,22,623
699,Down In The Bottoms with Marc Smith,159,4,336
700,RTGame,5379533,115309,2860000
701,Danny Malkam Drew,887293,34435,2090
702,PewDiePie,8104426,125157,111000000
703,TheBaldMan,56507,644,62800
704,CHRBRG,1006625,31794,675000
705,IGN,372696,2891,18500000
706,RTGame,8806113,160334,2860000
707,choopo,315090,15369,328000
708,Ngulik Games,273,9,368000
709,Jerma Stream Archive,197451,3189,310000
710,FGTeeV,21832110,430074,23900000
711,Nintendo of America,491358,1688,9610000
712,EthanGamer,3060187,5596,3260000
713,DanTDM,6489821,64944,29100000
714,CHRBRG,1972369,44974,675000
715,Indoor Window,299612,11218,3210
716,DanTDM,11128375,59766,29100000
717,CaptainSauce,598306,7946,2710000
718,Dorkly,91205,8176,4020000
719,ParashockX,119296,6859,1930000
720,Warner Bros. Games,49915,504,231000
721,Nintendo of America,67687,637,9610000
722,FGTeeV,32977869,211231,23900000
723,SpiffyXTG,150285,1309,978
724,Oblong Lobster,18495,651,3310
725,RTGame,1367083,54680,2860000
726,Nintendo of America,217573,866,9610000
727,DanTDM,5974590,45673,29100000
728,Nintendo of America,802534,2928,9610000
729,FGTeeV,20763352,128254,23900000
730,Chris Portal,37247,1044,25600
731,World of Warner Bros.,25114,281,303000
732,Giant Bomb,3252,32,241000
733,Nintendo of America,263838,4493,9610000
734,DanTDM,6798152,61927,29100000
735,officialnintendomag,483645,2406,20100
736,SOFTDRINKTV,19861,1173,171000
737,Warner Bros. Games,17095,113,231000
738,Nintendo of America,528415,12570,9610000
739,Scribblenauts Guide,25938,351,1560
740,Nintendo of America,277112,1493,9610000
741,Orayo Gaming,31401,2105,8330
742,DanTDM,5956570,48723,29100000
743,VG247.com,162,1,233000
744,stripes,10563,236,240
745,Warner Bros. Games,12833,36,231000
746,OfficialNerdCubed,2077985,20642,2410000
747,Mega64,386811,10425,658000
748,Zayed Gaming,209374,18224,1160000
749,Nintendo UK,3483,10,499000
750,The Behemoth,333728,4432,132000
751,DunderHeads,23177,599,12600
752,BoredomNation,1017348,12199,4030
753,IGN,109294,1543,18500000
754,MrTwisterWasTaken,40958,552,113
755,Reckerless,153875,5158,48700
756,GameSpot Trailers,7054,121,1130000
757,GameSpot Trailers,45096,453,1130000
758,Rayaan.Gani.27,9,0,54
759,BaronVonGames,1084853,13732,2530000
760,DunderHeads,3031,145,12600
761,jacksepticeye,1678382,44361,30800000
762,jacksepticeye,2934570,69789,30800000
763,NekoNe,3463,217,1660
764,Patric Catani - Topic,98223,1313,633
765,The Behemoth,289117,22698,132000
766,Icy Gaming,30305,619,105
767,BoredomNation,389817,4455,4030
768,Tay the titan,99707,1559,802
769,The Behemoth,215803,2406,132000
770,Delta,127203,2551,84
771,DunderHeads,4255,179,12600
772,Tay the titan,269732,5089,802
773,SergiuHellDragoonHQ,9372,48,1560000
774,BoredomNation,51353,502,4030
775,DunderHeads,2267,122,12600
776,The Behemoth,201589,1899,132000
777,Northernlion,171756,3536,1150000
778,AngryJoeShow,171554,3849,3270000
779,The Behemoth,160384,1033,132000
780,The Behemoth,36328,1137,132000
781,Sound Lagoon,547637,4692,967
782,WeeklyLight,17858,231,3410
783,LFP Gaming,87147,1583,108000
784,BoredomNation,55561,380,4030
785,The Behemoth,600831,1949,132000
786,WeeklyLight,7227,105,3410
787,The Behemoth,17775,437,132000
788,Xbox,14124,169,5510000
789,Bob Lennon,172324,14019,2020000
790,BoredomNation,376046,4370,4030
791,JJ RETRO,59556,1308,4830
792,3GordosB,16666,1196,204000
793,BaronVonGames,69137,1395,2530000
794,The Buck Man,12227,137,94
795,The Behemoth,404227,3038,132000
796,Jesse Cox,378999,9754,1050000
797,WeeklyLight,13687,173,3410
798,The Behemoth,20165,603,132000
799,–¢–∏–¥–∂–æ–π,107491,3077,422000
800,Nintendo of America,462476,9504,9610000
801,videogamedunkey,6992289,106399,7510000
802,Markiplier,2941259,54630,37000000
803,RDC Live,367931,5489,449000
804,Sleep Deprived,400239,19080,663000
805,Floydson,1768797,34622,579000
806,Adult Swim,258362,1480,7360000
807,Fisk,30153,1964,168000
808,Casual Potatoes,124200,1589,4840
809,TOYLAND,78008384,124380,1760000
810,RDC Live,151072,4763,449000
811,Patty Shukla Kids TV - Children's songs,5293786,3357,2930000
812,Fisk,141375,4674,168000
813,Neebs Gaming,236467,10217,2370000
814,Kindly Keyin,606317,6968,5440000
815,Therm,583459,26677,525000
816,IGN,251706,6374,18500000
817,Casual Potatoes,81728,2495,4840
818,FGTeeV,16117774,167568,23900000
819,GameGrumps,1127277,20820,5430000
820,mikeburnfire,91998,3036,474000
821,Ray Narvaez Jr,86509,1091,581000
822,JeromeASF,747842,4195,5400000
823,jacksepticeye,2413377,42555,30800000
824,CY YU VODS,40680,1430,425000
825,Cherry Pop Productions,3904968,27745,1760000
826,Fowl Play,4273,108,276
827,CoComelon JJ's Animal Time - Nursery Rhymes,4158580,3077,12300000
828,1 Toys,1235504,2050,22500
829,PeeGTV,38069,2271,68900
830,Beyond the Summit - Smash,6067,138,143000
831,El Mariana,1191665,63122,8020000
832,NintendoComplete,1264813,8740,330000
833,SSundee,3727617,48383,24200000
834,Expand Dong Man,6676,541,77900
835,Markiplier,1672823,32820,37000000
836,DreamGang,19041,507,107000
837,ZellenDos - ZellenDust en version extendida (GAMEPLAYS),256118,13510,814000
838,WILDCARD,106134,5859,556000
839,Funny Group.,2723259,26619,223000
840,ZellenDust,77834,9553,2860000
841,Fowl Play,6288,237,276
842,ZellenDos - ZellenDust en version extendida (GAMEPLAYS),49710,4759,814000
843,DangerouslyFunny,1894792,36372,2610000
844,Ryan's World,36283864,79669,38000000
845,ZellenDust,759555,39925,2860000
846,Souzones,202460,17628,1080000
847,RTGame,1465907,77954,2860000
848,Casual Potatoes,40720,1430,4840
849,Souzones,220730,21214,1080000
850,ChilledChaosGAME,116297,3896,416000
851,JeromeACE,26898,1446,807000
852,SSundee,2608254,68229,24200000
853,Dan. - Shellshock Live,189395,2771,16900
854,KYRSP33DY,56574,3545,2320000
855,SSundee,7408984,418210,24200000
856,BigJigglyPanda,2059554,31615,1950000
857,MoreSidemen,3879121,102939,8900000
858,JeromeACE,26070,1418,807000
859,Kryoz,343118,15260,1630000
860,KYRSP33DY,63418,5313,2320000
861,SLG,178307,8051,843000
862,Blitz,434738,8902,4240000
863,Blitz,255555,8384,4240000
864,Slogo,473665,12993,11800000
865,ChilledChaosGAME,139871,3637,416000
866,Vikkstar123,791990,11956,7590000
867,SSundee,11752901,390480,24200000
868,SSundee,7233701,330717,24200000
869,JeromeACE,24156,1285,807000
870,JeromeACE,19997,1181,807000
871,Slogo,664716,22638,11800000
872,ChilledChaos,2240062,11710,1350000
873,SSundee,9438332,409691,24200000
874,JeromeACE,322916,6504,807000
875,Slogo,504005,23132,11800000
876,JeromeACE,28884,1387,807000
877,JeromeACE,28640,1491,807000
878,Snedgie,8140,583,43600
879,Vikkstar123,736991,11370,7590000
880,JeromeACE,24608,1447,807000
881,Jelly,771872,25753,23600000
882,JeromeACE,18722,1129,807000
883,JeromeACE,28652,1620,807000
884,Dan. - Shellshock Live,12458,283,16900
885,InterndotGif,124062,2861,327000
886,Blitz,280098,5927,4240000
887,ComplexOri,183879,3156,5190
888,JeromeACE,22179,1357,807000
889,Blitz,319554,8084,4240000
890,JeromeACE,22485,1286,807000
891,Phunix,202269,5566,266000
892,JeromeACE,21060,1320,807000
893,Vikkstar123,541838,8427,7590000
894,Slogo,1036610,27373,11800000
895,JeromeACE,36364,1803,807000
896,InterndotGif,41131,1515,327000
897,JeromeACE,25963,1373,807000
898,JeromeASF Movies,19891,316,12100
899,Dan. - Shellshock Live,16405,351,16900
900,IGN,308592,2498,18500000
901,IGN,399066,2353,18500000
902,SMii7Y,3513272,146826,7320000
903,Yumi,205774,10595,1550000
904,SMii7Yplus,2502980,95581,3570000
905,CaRtOoNz,259814,12428,3990000
906,WorstPremadeEver,2155590,38914,791000
907,Nintendo of America,158918,3296,9610000
908,CaRtOoNz,177963,9609,3990000
909,ChilledChaosGAME,105211,3489,416000
910,ChilledChaosGAME,807368,4288,416000
911,Jerma Stream Archive,58155,1241,310000
912,LetsPlay,1494941,20123,3530000
913,JeromeACE,99339,7493,807000
914,xQc,176711,4074,2360000
915,SergiuHellDragoonHQ,12061,73,1560000
916,H2ODelirious,113794,5815,13500000
917,ChilledChaosGAME,80150,2468,416000
918,jacksepticeye,2289563,55304,30800000
919,SwitchWatch,61706,532,96900
920,CaRtOoNz,180515,9452,3990000
921,Hat Films,25900,2157,861000
922,WPE Extras,175790,7468,146000
923,SMii7Y,2363418,95380,7320000
924,Worms Pro Hub,78165,569,427
925,Team17,115949,625,74200
926,JeromeACE,52362,2769,807000
927,JeromeACE,66730,3180,807000
928,JoCat,1109241,36365,1190000
929,CaRtOoNz,665339,16365,3990000
930,PlayFrame,10948,639,135000
931,SMii7Yplus,2614070,101066,3570000
932,TheBaldMan,8697,87,62800
933,RageGamingVideos,306942,3149,1270000
934,Slogo,464954,14215,11800000
935,Vinesauce: The Full Sauce,46528,1047,607000
936,Xbox,368623,1598,5510000
937,SMii7Y,2589867,100768,7320000
938,xQc Gaming ,49528,1013,184000
939,LetsPlay,287989,7994,3530000
940,Kirill Gamer,581506,13994,318
941,CaRtOoNz,198948,11044,3990000
942,GameSpot Trailers,28022,52,1130000
943,StopGame,307627,8683,2420000
944,Team17,26212,156,74200
945,Team17,106048,631,74200
946,SMii7Y,2113168,116329,7320000
947,ChilledChaosGAME,152956,4066,416000
948,Dizoff,213111,21294,558000
949,ChilledChaosGAME,112114,3242,416000
950,Jerma985,1376388,20980,963000
951,Leadhead,80907,6133,337000
952,Herpes Fairy,9585,98,46
953,Levmo,2632,53,95
954,Breadon,194,8,32
955,Scav Merchant Hub,5291,252,11900
956,xTrashboi,180,9,628
957,Lino Slahuschek,7618,86,252
958,zurv2,833,17,27
959,Austin Blythe,286,1,65
960,Herpes Fairy,1306,14,46
961,Gety,242,7,503
962,Nerd Psycho,9214,68,613
963,Ryu 5K,195,10,933
964,Rarebyte,150,3,271
965,SnoozyFlex,84,4,192
966,Lino Slahuschek,44035,192,252
967,God is a Geek,816,8,22300
968,Herpes Fairy,5088,115,46
969,Hand Drawn Nerd,521,23,590
970,Josh can clip,84,2,6
971,Lino Slahuschek,21792,200,252
972,Games Preview HD,32,0,646
973,Fishy!,164,2,2750
974,onenineonline,101,3,127
975,Oscar Armstrong,76,2,90
976,Heavy Metal Gamer Show,606,21,6550
977,BeardLessMage,71,1,38
978,Carpythesharky,195,4,2160
979,Jon Sandman,1190,43,1510000
980,Lino Slahuschek,3019,30,252
981,Demon27248,315,8,2820
982,Aegis,39,0,8
983,RayThePony,70,1,2340
984,deluxe.mp4,5358,36,91300
985,Unhinged Gamer,49,2,3090
986,OnlineFpsGames,222,2,306
987,FranziskaFPS,25,3,2
988,Lino Slahuschek,17491,56,252
989,Lukey Pooky,208,12,14600
990,Amy Molinaro,53,0,1850
991,Sky... // Gaming and /wsg/,989,5,364
992,math god,723,13,10
993,Robotnik35,88,1,3150
994,tarcseh,253,4,2420
995,MissehsJune,486,6,1510
996,Deathtraim,7,0,11
997,Zesty Jesus,18768,1351,114000
998,Grant Duchars,336,9,87
999,Brascus,265,8,404
1000,GrayStillPlays,2545211,38142,7990000
1001,Kindly Keyin,1773229,12846,5440000
1002,Pungence,156780,1393,2540000
1003,Kindly Keyin,643879,5333,5440000
1004,DangerouslyFunny,620319,10537,2610000
1005,ProjectJamesify,2858615,12610,4560000
1006,Kindly Keyin,1144340,12317,5440000
1007,Blitz,1636352,11063,4240000
1008,SELF-MADE FISHING-TV,664,14,3670
1009,The Yellow Carp,151759,1693,3200
1010,Pungence,25642,525,2540000
1011,ProjectJamesify,5790417,91944,4560000
1012,Blitz,235222,4393,4240000
1013,Blitz,526198,7409,4240000
1014,Blitz,308984,5023,4240000
1015,Blitz,501585,6463,4240000
1016,ProjectJamesify,2179531,28729,4560000
1017,VitaminDelicious,169221,1623,1210000
1018,Saxu,672690,3841,1970
1019,EazySpeezy,1238553,35238,3000000
1020,Blitz,3836462,56479,4240000
1021,ProjectJamesify,1908453,23108,4560000
1022,Blitz,127449,2907,4240000
1023,DangerouslyFunny,1151886,17293,2610000
1024,The Yellow Carp,53230,559,3200
1025,GrayStillPlays,5514833,56517,7990000
1026,ProjectJamesify,765064,12323,4560000
1027,Blitz,391914,6284,4240000
1028,ProjectJamesify,6392577,81027,4560000
1029,ProjectJamesify,2223521,38325,4560000
1030,VitaminDelicious,543357,3969,1210000
1031,ProjectJamesify,874773,5774,4560000
1032,ProjectJamesify,1831792,16862,4560000
1033,ProjectJamesify,2740877,53804,4560000
1034,ProjectJamesify,310590,2043,4560000
1035,ProjectJamesify,1476705,23872,4560000
1036,The Yellow Carp,160583,1303,3200
1037,Kindly Keyin,1123774,7906,5440000
1038,Pungence,83548,1140,2540000
1039,ProjectJamesify,1115737,14149,4560000
1040,The Yellow Carp,3325,54,3200
1041,Kindly Keyin,538614,4535,5440000
1042,Kindly Keyin,363077,3231,5440000
1043,DangerouslyFunny,95476,2893,2610000
1044,Blitz,307542,5370,4240000
1045,The Yellow Carp,80766,588,3200
1046,ProjectJamesify,3297757,53660,4560000
1047,ProjectJamesify,788850,8306,4560000
1048,Melon Sunny World,101435,2034,739000
1049,ProjectJamesify,1220876,7606,4560000
1050,PlayStation,2312563,101135,15900000
1051,Classic PC Games,4589,119,23500
1052,Classic PC Games,2604,67,23500
1053,Calumity,1625,23,600
1054,BaronVonGames,165062,3812,2530000
1055,ElkinFencer10,697,19,203
1056,PlayStation Europe,12985,469,1430000
1057,Spicy Chicken God,32650,676,5640
1058,Ice's Gaming Vault,3775,45,907
1059,deluxe.mp4,174841,1383,91300
1060,VEGETTA777,941919,63461,34100000
1061,MathChief - The Best of Gaming!,27163,748,795000
1062,ID@Xbox,20456,621,35200
1063,Snoley Games,8074,74,1640
1064,Raku,102124,1529,322
1065,ZerkaaPlays,102045,4276,2950000
1066,TheBrokenMachine,2151,55,416000
1067,ALL GAMING AREAS,27965,153,4030
1068,Catallego,444,6,411
1069,Infinite Backlog,11699,222,8500
1070,BulletGang45,1483,25,11300
1071,LetsPlay,688673,11156,3530000
1072,SwingPoynt,7421,252,356000
1073,GeneralMcBadass,25266,594,484000
1074,Cheevo Guides,910,32,34100
1075,TheRazoredEdge,1047,94,56600
1076,VEGETTA777,957694,41756,34100000
1077,ZerkaaPlays,89453,2959,2950000
1078,MissionStory,22,0,55
1079,Zopelix,260,5,2540
1080,JayTC,330,8,1270
1081,OFFLINE BOTS,1951,19,2060
1082,Real Gamer Girl,98,2,107
1083,Steve Dog Wildman,1973,11,1610
1084,HeTe_ STOFZUIGER,22058,216,44
1085,Art1Sh0k,4370,93,14400
1086,QuelTaleAle,26898,1865,535000
1087,DANNYonPC,2697,133,57000
1088,ANONIMO101,680,29,102000
1089,LioN KoLLA,481,7,287000
1090,Mike Rxqe,35337,736,64200
1091,Bitgamer,575977,27124,3610000
1092,Gareth Coker - Topic,6147,93,17600
1093,JayTC,117,3,1270
1094,Virtual Basement,7587,292,6990
1095,JayTC,194,5,1270
1096,Mamowset Gaming,2378,95,5160
1097,Catallego,849,11,411
1098,GameInOnline,43584,460,301000
1099,Ctop,9733,154,2190000
1100,Dog Dad Studios ,1604,59,4330
1101,Nxcturnal,14644,455,3870
1102,Marcelame,6838,352,11600
1103,Zach Fuller,28165,1571,192000
1104,Richter Overtime,512293,23461,301000
1105,ItsFunneh,5961562,71673,11400000
1106,SoundSmith,192977,11750,690000
1107,ItsFunneh,3941563,84735,11400000
1108,Di & Da Game Fun,848,7,1780
1109,ItsFunneh,7513464,65558,11400000
1110,JameskiiLive,171626,8420,378000
1111,Jameskii,827498,44174,2270000
1112,Arcade Duskk,2463,42,136
1113,BigJigglyPanda,1109984,20429,1950000
1114,Tower Community,7876,169,286
1115,Tewbre,243118,6843,807000
1116,xQc Gaming ,37125,881,184000
1117,Iced Coffee,635,15,521
1118,ItsFunneh,3787627,37652,11400000
1119,Cubold Gaming,20254,379,22700
1120,ZerkaaPlays,854734,11017,2950000
1121,WILDCAT,2366765,31216,8020000
1122,Darkbeak,11340,331,1540
1123,WarriorDan- Game Reviews and Let's Plays,42192,518,2150
1124,ItsFunneh,2186063,25292,11400000
1125,Darkbeak,9050,163,1540
1126,Slogo,1438941,12855,11800000
1127,Real Pepega,31812,476,12800
1128,Goldbullet Ch. HOLOSTARS-EN,6871,766,69600
1129,xQc Gaming ,32942,693,184000
1130,PixelTail Games,66480,773,8470
1131,PixelTail Games,59237,1187,8470
1132,xQc Gaming ,21116,489,184000
1133,Vikkstar123,650371,13140,7590000
1134,Furkan Burak 'FBBTV' Bayrak,37122,883,145000
1135,PixelTail Games,3269,300,8470
1136,Codyumm 2,1123978,53962,47200
1137,AmILateToTheParty,56,0,145
1138,Darkbeak,2976,112,1540
1139,Drae,151464,6728,2580000
1140,Darkbeak,9434,279,1540
1141,Slogo,930720,9802,11800000
1142,Nogla,1309196,28667,7410000
1143,wayneradiotv ON DEMAND,10280,250,54300
1144,ItsFunneh,3394915,45340,11400000
1145,PixelTail Games,25049,553,8470
1146,Kwebbelkop,1219035,12257,15200000
1147,Darkbeak,8839,235,1540
1148,Darkbeak,1092,47,1540
1149,PixelTail Games,59025,585,8470
1150,BRS,162285,2140,609
1151,Markiplier,5863718,117356,37000000
1152,PlayStation,137971,2205,15900000
1153,Shafournee,3144596,100286,18800
1154,Sam Tabor Gaming,207708,3918,1330000
1155,EmilySailor,26549,457,851
1156,Spedicey,9544,961,676000
1157,Kaine Cummings,24715,-1,547
1158,Lunar and Earth Show,30364,2028,113000
1159,jacksepticeye,1404322,94170,30800000
1160,J0daa,55348,1269,1170
1161,PewDiePie,2264345,129337,111000000
1162,UnderFire,5673,42,78
1163,Sam Tabor Gaming,370527,5018,1330000
1164,Ninonet,9688,67,53
1165,FGTeeV,26737352,242836,23900000
1166,Landfall,24076,489,306000
1167,Sam Tabor Gaming,205508,3752,1330000
1168,8rgk,404077,4374,2310
1169,CosmicShiny,22726,282,60
1170,Slogo,357218,10054,11800000
1171,Flook611,7800,113,11100
1172,jacksepticeye,5110792,104993,30800000
1173,LazarBeam,4794265,74564,22400000
1174,Landfall,40185,799,306000
1175,tinyBuildGAMES,39281,496,753000
1176,The Escapist,1341485,21087,1130000
1177,jacksepticeye,4446376,86911,30800000
1178,WhyBeAre,929368,4789,892000
1179,Sam Tabor Gaming,191923,4823,1330000
1180,yummycrayons,19599,869,398
1181,Sam Tabor Gaming,164423,3637,1330000
1182,LazarBeam,1622747,23583,22400000
1183,GamingWithKev,585165,9033,12800000
1184,jacksepticeye,2388887,64222,30800000
1185,xQc,294867,6886,2360000
1186,Markiplier,1354588,41634,37000000
1187,Landfall,158983,424,306000
1188,SMii7Y,878549,31879,7320000
1189,SQUEEZIE,9738789,195306,19100000
1190,YuB,81144,1633,1610000
1191,Thinknoodles,642145,6351,11400000
1192,Random Game Reviews,1507,114,3750
1193,Aliensrock,119181,6358,659000
1194,No Copyright Gameplay Uddip,348738,8431,25900
1195,Sam Tabor Gaming,400914,8311,1330000
1196,reptil161,294,2,3
1197,Landfall,31816,322,306000
1198,Slogo,879565,16005,11800000
1199,Wolfy Playz,88259,4548,324000
1200,SHOOTABIRDIE,52149,1004,3600000
1201,SHOOTABIRDIE,56657,987,3600000
1202,NecrosVideos,4191,392,256000
1203,KinGmod,41014,370,140000
1204,Eltorro64Rus,5360125,166040,985000
1205,Coty,27430311,1199106,329000
1206,JustJoeKing,5855821,68443,1720000
1207,SHOOTABIRDIE,263089,4265,3600000
1208,Panda Gamer,2291238,27596,3420000
1209,SHOOTABIRDIE,279085,10862,3600000
1210,GH'S,15865784,455851,23300000
1211,Lotos Gmod,11967625,185066,702000
1212,Game Facts,7056124,446395,233000
1213,eddygar,454781,10674,176000
1214,Coty,2933013,182489,329000
1215,–†—ã–∂–∏–π,133001,4805,444
1216,Pretzel,1327031,41612,71600
1217,TheFrizkyFrog,527845,3483,1070000
1218,Kelski,826863,25965,255000
1219,SpyCakes,417459,7132,4180000
1220,Oni GameGiggler,60874,926,25100
1221,Endy,4713689,140537,82700
1222,SHOOTABIRDIE,328553,3960,3600000
1223,Goldicus,5785101,133066,30800
1224,Kixmod,919893,5231,7540
1225,GLIZZAB PLAY,11658227,166476,1930000
1226,SHOOTABIRDIE,198550,4237,3600000
1227,Tapliasmy,1035420,5956,2210000
1228,SHORTS GMOD,9323,72,433000
1229,SHORTS GMOD,54858,336,433000
1230,TheFrizkyFrog,638129,6350,1070000
1231,JustJoeKing,1831135,35144,1720000
1232,OofyMan212,853539,3873,78500
1233,SpyCakes,223593,4719,4180000
1234,SHOOTABIRDIE,71761,954,3600000
1235,CCSAVEGAMING,2447495,27608,301000
1236,KinGmod,162382,1245,140000
1237,Jameskii,800082,38769,2270000
1238,SHOOTABIRDIE,138338,2239,3600000
1239,Tapliasmy,39138,227,2210000
1240,SHOOTABIRDIE,155410,4577,3600000
1241,TheFrizkyFrog,792677,4462,1070000
1242,TheFrizkyFrog,6217190,66160,1070000
1243,tsetst,337370,11261,1830
1244,SHOOTABIRDIE,318176,8797,3600000
1245,Thoelian,7376982,357104,1430000
1246,Eltorro64Rus,720044,61327,985000
1247,Gmod Master,42133970,2100230,1020000
1248,DR–´NDA,2252172,110489,1530000
1249,TheFrizkyFrog,1778697,11529,1070000
1250,Who's Your Daddy?!,535042,16626,23500
1251,Markiplier,12051229,232835,37000000
1252,dakblake,693631,10080,3030000
1253,The Boys Gaming,1411099,42954,729000
1254,FGTeeV,4001055,39228,23900000
1255,TobyKeithVEVO,30970541,110814,462000
1256,Fudgy,448897,4399,3350000
1257,Beautiful OB,63091,1277,1740000
1258,Maggi Masala Gaming,52,8,213
1259,Patricia Gorman,69827,605,20300
1260,Aphmau,9520750,86262,22000000
1261,SMii7Y,6836836,150264,7320000
1262,ItsFunneh,8727935,112346,11400000
1263,FGTeeV,34380320,266422,23900000
1264,Hopper,3295588,16812,24600
1265,Noodlez,4182683,25173,59900
1266,Kindly Keyin,4884195,43008,5440000
1267,SSundee,8709933,282133,24200000
1268,DanTDM,2121788,64318,29100000
1269,Aphmau,16362275,125729,22000000
1270,ItsFunneh,10793868,101316,11400000
1271,Kindly Keyin,348639,4239,5440000
1272,SpyCakes,189282,2823,4180000
1273,SMii7Y,5338276,164949,7320000
1274,smotsüêü,68924,203,25100
1275,PERUVEN (Jorge Fux√°),12792333,116381,172000
1276,Kindly Keyin,4596863,24345,5440000
1277,dakblake,1021413,12578,3030000
1278,VanossGaming,1290180,47639,25900000
1279,LankyBox,6984325,39504,40000000
1280,Beautiful OB,270365,4310,1740000
1281,VleFromTheVAE,2772304,38128,1840
1282,Fudgy,476542,4396,3350000
1283,SpyCakes,133586,2671,4180000
1284,Bubbles,249823,1400,153000
1285,Aphmau,7431148,79823,22000000
1286,MessYourself,16924682,117553,6870000
1287,ItsFunneh,3045474,42067,11400000
1288,ItsFunneh,4193743,57421,11400000
1289,Gara Plays,24673,339,117000
1290,Beautiful OB,731534,15880,1740000
1291,Fudgy,1348123,14123,3350000
1292,Melon and Sunny,1773133,18184,1300000
1293,Fudgy,1928991,78997,3350000
1294,Sunny Melon World,376708,3000,885000
1295,ItsFunneh,5582698,62440,11400000
1296,Melon and Sunny,414940,6278,1300000
1297,Aphmau,11820723,140189,22000000
1298,Aphmau,5331796,76011,22000000
1299,SpyCakes,144971,3857,4180000
1300,NoBrakesGames,1493248,6180,2630
1301,Mehditation,307656,13800,411000
1302,DevolverDigital,663964,10212,381000
1303,Markiplier,6227315,166230,37000000
1304,NeoGamer - The Video Game Archive,148895,1286,249000
1305,Slogo,3546180,263187,11800000
1306,Vlogs4FUN,93555,721,317000
1307,VanossGaming,15297333,225972,25900000
1308,Carlos 7070,9,0,742
1309,VanossGaming,654960,29043,25900000
1310,Vlogs4FUN,4523,61,317000
1311,Aphmau,9625349,120481,22000000
1312,Bulkin,294830,33357,4840000
1313,Sam Tabor Gaming,4088216,35086,1330000
1314,Aphmau,32169265,241717,22000000
1315,Slogo,7668264,121083,11800000
1316,Carrot Helper - 100% Walkthroughs | No Commentary,42403,560,82200
1317,Slogo,440203,12150,11800000
1318,Vlogs4FUN,46892,438,317000
1319,Blox4Fun,2201896,17326,952000
1320,Blox4Fun,23089545,148584,952000
1321,Retr0virus11,3832721,70852,25800
1322,Aphmau,3981731,39713,22000000
1323,Vlogs4FUN,9839168,44114,317000
1324,Vlogs4FUN,17510,172,317000
1325,ItsFunneh,4176178,79834,11400000
1326,Aphmau,10829638,129015,22000000
1327,J Rob,13398,249,1740
1328,Vlogs4FUN,9170784,44785,317000
1329,Curve Games,12601,211,16000
1330,Aphmau,19138612,247785,22000000
1331,Fudgy,1332653,10764,3350000
1332,ItsFunneh,1694967,36499,11400000
1333,ItsFunneh,11015915,162409,11400000
1334,CookieSwirlC,17360814,12624,21300000
1335,K-City Gaming,9826167,55361,1590000
1336,Aphmau,5142978,53282,22000000
1337,Vlogs4FUN,1429846,11135,317000
1338,Aphmau,8008148,98523,22000000
1339,Slogo,249961,5989,11800000
1340,Kindly Keyin,1190692,14513,5440000
1341,Blox4Fun,11202825,81610,952000
1342,Markiplier,5455188,122411,37000000
1343,Slogo,445377,11256,11800000
1344,ItsFunneh,9810123,179064,11400000
1345,Vlogs4FUN,1036822,5813,317000
1346,Aphmau,10351718,130974,22000000
1347,ItsFunneh,7955327,117002,11400000
1348,Aphmau,4372515,65081,22000000
1349,Vlogs4FUN,1144288,5463,317000
1350,LazarBeam,10243466,119517,22400000
1351,Blitz,1227037,18509,4240000
1352,Markiplier,5204805,95652,37000000
1353,Scredge,471539,4277,1440
1354,ImCade,1125387,12538,745000
1355,Ctop,773959,15916,2190000
1356,Slogo,1129463,41253,11800000
1357,ProjectJamesify,787706,13271,4560000
1358,Happy Home Vibes,184,8,347
1359,ProjectJamesify,3703191,55910,4560000
1360,Slogo,2319123,118235,11800000
1361,jacksepticeye,3771204,103562,30800000
1362,Jelly,6885093,255429,23600000
1363,LazarBeam,2735872,28078,22400000
1364,Ctop,776616,12491,2190000
1365,Blitz,220664,6223,4240000
1366,LazarBeam,4329575,97529,22400000
1367,BeckBroPlays,138055,3445,2480000
1368,Ctop,421563,8193,2190000
1369,Blitz,262941,7359,4240000
1370,Slogo,684512,39795,11800000
1371,Mob Entertainment,481930,8415,3130000
1372,Blitz,287764,7104,4240000
1373,Blitz,1108158,13916,4240000
1374,Blitz,356257,8760,4240000
1375,Blitz,566533,7411,4240000
1376,Ctop,433650,11469,2190000
1377,Ctop,892818,28363,2190000
1378,Blitz,1131247,19264,4240000
1379,jacksepticeye,6060740,147402,30800000
1380,CaptainSauce,2831825,27490,2710000
1381,Slogo,3181327,45525,11800000
1382,Vicio ONE MORE TIME!!!!,754152,14265,1760000
1383,Blitz,530776,14139,4240000
1384,Plech,9773901,107135,6230000
1385,Blitz,2272681,17800,4240000
1386,ProjectJamesify,696575,11261,4560000
1387,ProjectJamesify,781196,11313,4560000
1388,Blitz,241084,5664,4240000
1389,Plech,12555339,140618,6230000
1390,SpJockey,1077406,21272,1890000
1391,Gabby16bit,2342890,40875,3270000
1392,Hunter R.,79855,4993,62100
1393,StundZow,621026,28920,1310000
1394,ImCade,1110303,10647,745000
1395,TheLoneGamer,230715,14785,910000
1396,TheLoneGamer,59320,4372,910000
1397,CaptainSauce,1187165,18033,2710000
1398,ImCade,307835,4410,745000
1399,Vicio ONE MORE TIME!!!!,1163018,17045,1760000
1400,Kindly Keyin,1920956,9984,5440000
1401,ZackScottGames,2231946,18787,5420000
1402,Encrypted Duck,339875,1785,24900
1403,Nintendo of America,322145,7372,9610000
1404,Kindly Keyin,368682,4757,5440000
1405,CharlieBarley,742040,13674,362000
1406,ItsFunneh,7072458,87543,11400000
1407,Boss Fight Database,233014,2409,1060000
1408,DevolverDigital,435996,4626,381000
1409,Let's Game It Out,10193364,148735,5780000
1410,Kindly Keyin,1026026,7013,5440000
1411,Kindly Keyin,507225,4145,5440000
1412,ItsFunneh,2426980,45809,11400000
1413,ÍßÅ‚òÜDavi‚òÜÍßÇ,61333,424,14800
1414,Melvitos,160676,9191,508
1415,ZackScottGames,1450838,9420,5420000
1416,ZackScottGames,1355998,9464,5420000
1417,Snipey,66964,4267,741
1418,Foekoe,364354,18742,363000
1419,Kindly Keyin,764786,5776,5440000
1420,Kindly Keyin,3692628,24153,5440000
1421,ZackScottGames,1384548,8252,5420000
1422,DevolverDigital,50440,6152,381000
1423,Kindly Keyin,2169573,14848,5440000
1424,DanTDM,15628668,106377,29100000
1425,Zebra Gamer,174892,1673,524000
1426,Pirate Software,106103,1356,2430000
1427,Local Goober,28229,495,194
1428,Kindly Keyin,235192,2366,5440000
1429,AnythingBecomeMoe,581894,53862,734000
1430,Kindly Keyin,1014133,8252,5440000
1431,PREZLEY,2033092,98,2510000
1432,JJ RETRO,368603,2400,4830
1433,ZackScottGames,3560220,20050,5420000
1434,World English School Today!,16269,16,165000
1435,LankyBox,2601801,23845,40000000
1436,Sam Tabor Gaming,250165,3266,1330000
1437,TeshiiLatte,121273,6638,75200
1438,BluezKaito,65277,6814,75100
1439,Sam Tabor Gaming,93368,1657,1330000
1440,Slogo,2425561,34093,11800000
1441,JFJ,517467,12583,421000
1442,GameGrumps,547479,20238,5430000
1443,Ctop,147178,3184,2190000
1444,Kindly Keyin,1416803,9632,5440000
1445,Slogo,1943759,26321,11800000
1446,Arnaud DE BOCK,65369,475,379
1447,Beat That Boss,810328,6979,61200
1448,CrabApples,8509,435,4710
1449,NOBS,92836,466,227
1450,PlayStation,323456,5574,15900000
1451,Socksfor2,1869670,28927,2590000
1452,Solninja A,15719,-1,194
1453,DotoDoya,260116,15823,913000
1454,berleezy,2061804,74038,2650000
1455,SMii7Y,6392558,197811,7320000
1456,Socksfor2,3431425,55455,2590000
1457,special edd,2131133,51021,4710000
1458,Stick Blitz,789,-1,6080
1459,videogamedunkey,9284394,220672,7510000
1460,GamingWithKev,5649269,43434,12800000
1461,Blitz,1460323,20673,4240000
1462,SSundee,13054656,486550,24200000
1463,Slogo,1627754,138575,11800000
1464,SwitchStars,52505,637,14500
1465,Aphmau,8714122,100127,22000000
1466,SMii7Y,7339255,141292,7320000
1467,Slmccl,7200843,185128,2130000
1468,VanossGaming,1410756,53856,25900000
1469,SMii7Y,5382061,170692,7320000
1470,Animators VS Games,3737979,76086,1230000
1471,Saofiqlord,10274,87,138000
1472,SMii7Y,6736791,227191,7320000
1473,LetsPlay,1538453,20396,3530000
1474,BaronVonGames,3166246,25231,2530000
1475,SSundee,9495359,443260,24200000
1476,Underdogs Gaming,66911,4121,191000
1477,BaronVonGames,1537822,15030,2530000
1478,SMii7Y,7718746,109008,7320000
1479,special edd,1264277,41568,4710000
1480,SlicedAero,21794,485,849
1481,jacksepticeye,3969030,89774,30800000
1482,BaronVonGames,907607,8967,2530000
1483,Games For Kids Hub,147090,888,765000
1484,SMii7Y,5672140,94508,7320000
1485,ItsFunneh,4683098,57828,11400000
1486,Emerald Masters,417908,5834,110000
1487,Landfall,504221,6008,306000
1488,Sam Tabor Gaming,667697,6551,1330000
1489,Quantum Games,1137281,51986,5170000
1490,TapGameplay,477258,7742,5270000
1491,Kryoz,264327,13619,1630000
1492,Nindie Spotlight,17353,126,9320
1493,LankyBox,5233842,48886,40000000
1494,VanossGaming,1180619,46671,25900000
1495,DanTDM,7171626,84862,29100000
1496,PlayFrame,10402,854,135000
1497,Slogo,583542,22155,11800000
1498,Emerald Masters,364476,6110,110000
1499,Valera Ghosther,3397714,95954,5260000
1500,Hat Films,52058,2951,861000
1501,IkxGP,3449,12,1230
1502,Throneful,17712,50,2300000
1503,GameSpot,4495,32,5580000
1504,Old Worm Ray,1278,40,389
1505,IGN,46007,219,18500000
1506,LetsPlay,2011703,23385,3530000
1507,Team17,446602,776,74200
1508,GameTrailers,11881,50,1100000
1509,Simo K,19477,-1,2270
1510,LetsPlay,1275154,17791,3530000
1511,RingsOfGeonosis,32953,414,77100
1512,Team17,85668,234,74200
1513,RingsOfGeonosis,14442,155,77100
1514,OfficialNerdCubed,540971,7379,2410000
1515,Juze,7606,92,24
1516,Wormls,244,8,20
1517,Boggy,5593,81,41500
1518,Salt Raiders,40953,1601,113000
1519,LetsPlay,412860,7319,3530000
1520,Old Worm Ray,486,19,389
1521,V4mpX,111649,760,1410
1522,OneGamerHub,1519,46,28
1523,Doctor O'lolo,108345,152,2700
1524,Maxmations,58,4,628
1525,XboxViewTV,75931,143,367000
1526,ABC Big Kids,6331,54,103000
1527,LetsPlay,312252,6805,3530000
1528,EpicVG,86335,538,456
1529,Team17,20887,87,74200
1530,Marwol Cwningen,17,1,36
1531,GameSpot,5224,46,5580000
1532,RingsOfGeonosis,2263,35,77100
1533,GameAddict,63,3,5470
1534,Marwol Cwningen,439,5,36
1535,Boggy,306,9,41500
1536,RingsOfGeonosis,8431,84,77100
1537,Old Worm Ray,78,12,389
1538,The Foreseen Arcade,1373,15,686
1539,RingsOfGeonosis,11127,105,77100
1540,Dave's Gaming,5682,64,416000
1541,PATRIARCHAL GAMING,1477,19,2330
1542,Jimmymacawoo,334,7,4310
1543,Marwol Cwningen,890,9,36
1544,88K GM,223,3,7
1545,VoiceoverGuy,3313,38,3060
1546,DWormkiller,4371,29,263
1547,sir enuf,346,4,2
1548,RingsOfGeonosis,5371,56,77100
1549,Ravenousky,119,4,34
1550,Nintendo of America,852783,5689,9610000
1551,Markiplier,9389870,153299,37000000
1552,IGN,1253002,7684,18500000
1553,Magnet,247463,1525,31500
1554,PlayStation,379590,2707,15900000
1555,Throneful,352528,977,2300000
1556,Nintendo UK,12219,111,499000
1557,Slushy Noobz,306786,15284,472000
1558,Subi_OM,44,2,42
1559,Loem,44089,353,3160
1560,Nintendo of America,94713,2250,9610000
1561,BasicallyIDoWrk,91172,3449,4790000
1562,Smosh Games,1033743,45669,7780000
1563,RDC Live,123785,3536,449000
1564,hpmv,72579,860,256
1565,BasicallyIDoWrk,80638,3092,4790000
1566,ItsFunneh,2139837,44723,11400000
1567,GameGrumps,509099,17897,5430000
1568,BuzzFeed Multiplayer,1877092,50107,9500000
1569,GameGrumps,642753,18134,5430000
1570,DT Dai,114288,1165,354
1571,Solidarity VODS,314809,6946,88700
1572,Bricky EP. 2,48959,2332,213000
1573,WILDCAT,520385,24836,8020000
1574,ÊàëË∂ÖÁîúÁöÑOuO,64443,481,289
1575,tom,84522,561,121
1576,Eclipse and Puppet Show,10813,1513,113000
1577,BYZE EXTRA,45980,2911,58800
1578,RanbooVODS,394550,9196,683000
1579,MGC Let's Play,1033071,323,382000
1580,Aphmau,1408873,31351,22000000
1581,CaRtOoNz,463308,16037,3990000
1582,Aphmau,661474,17090,22000000
1583,Good Mythical MORE,835091,25139,4280000
1584,ÊàëË∂ÖÁîúÁöÑOuO,74292,680,289
1585,DanAndPhilGAMES,872238,71922,2890000
1586,ItsFunneh,1602291,27488,11400000
1587,Loem,398020,3122,3160
1588,Fulgur Ovid „ÄêNIJISANJI EN„Äë,286106,17248,455000
1589,Stumpt,14390,522,540000
1590,GameGrumps,319857,11734,5430000
1591,CaRtOoNz,369938,12813,3990000
1592,JcCaylenVODS,51906,1205,112000
1593,MGC Let's Play,1332652,202,382000
1594,RTGame,1019851,29821,2860000
1595,Two Moons Gaming,188547,1499,7250
1596,Shoto's Twitch VODs,540686,18642,586000
1597,Stumpt,75453,1685,540000
1598,KnZPlay,30600,556,144000
1599,Disguised Toast,701707,28779,3810000
1600,ChilledChaosGAME,154299,4047,416000
1601,Slimecicle,2579339,81982,4110000
1602,GameTrailers,175224,1414,1100000
1603,General Sam,966350,38682,1470000
1604,Disguised Toast,1144889,26997,3810000
1605,Call Me Kevin,696739,54687,3540000
1606,Kaif,1056007,21101,706000
1607,Mithzan,27591,2360,862000
1608,FuwaFuwaSeal,84,12,2270
1609,Sykkuno,449841,26237,2820000
1610,Kaif,812590,19285,706000
1611,To The Point,94200,2229,36200
1612,ChilledChaosGAME,126080,3824,416000
1613,Mithzan,50882,4292,862000
1614,SeeReax,685037,29145,1060000
1615,ChilledChaosGAME,206927,3875,416000
1616,Mithzan,38664,2794,862000
1617,CallMeCarsonLIVE,1858472,63415,1380000
1618,DylanConi,15066,335,263
1619,Salt Raiders,125054,3552,113000
1620,ZeRoyalViking,25887,1206,802000
1621,ZeRoyalViking,33939,1266,802000
1622,ChilledChaosGAME,144526,4870,416000
1623,ChilledChaosGAME,278520,4789,416000
1624,ChilledChaosGAME,115451,3218,416000
1625,SQUEEZIE GAMING,5603132,207894,4930000
1626,Stumpt,56498,2047,540000
1627,The Yogscast,441111,17610,7060000
1628,ChilledChaosGAME,125443,3572,416000
1629,Vantacrow Bringer „ÄêNIJISANJI EN„Äë,16138,1163,177000
1630,DumbDog Vods,9006,322,9880
1631,xQc,63622,1405,2360000
1632,Jurunrishi,319769,10494,6850
1633,ZeRoyalViking,52106,1731,802000
1634,CigaretteS TV,1123308,26518,707000
1635,Slmccl,712168,28491,2130000
1636,Ê©ò„Å≤„Å™„ÅÆ / Hinano Tachibana,221688,3720,784000
1637,ZeRoyalViking,34435,1304,802000
1638,Fake DotoDoya Vods,79665,1162,38600
1639,GamingBolt,53445,797,1290000
1640,Quantum Games,430451,32968,5170000
1641,DumbDog Vods,8616,299,9880
1642,Hayashii Lives | Cortes e VODs,54326,3646,168000
1643,DumbDog Vods,9146,363,9880
1644,Hayashii Lives | Cortes e VODs,76431,4115,168000
1645,Mr. Fruit,535510,17987,2130000
1646,Shining Star Translations,128298,4696,676
1647,Claude Clawmark „ÄêNIJISANJI EN„Äë,12801,964,117000
1648,COLAS,228604,15906,688000
1649,caiof42,77982,5489,27800
1650,arbuzovich,42673,443,673
1651,CaptainBara,209040,4073,1080
1652,PlayStation,255712,6142,15900000
1653,Pixile Studios,16917,1618,26500
1654,CapyRap62,4454,62,1740
1655,Ohmwrecker / Maskedgamer,233196,4691,2110000
1656,CapyRap62,2222,92,1740
1657,The LA Gamer,7635,114,4510
1658,Busterpumkin,32,2,887
1659,Nintendo of America,600661,19895,9610000
1660,Dills The Axolotl,1343,48,494
1661,Pixile Studios,26049,2478,26500
1662,paxen plays games,49990,645,612
1663,MightyMacca,76730,2031,13000
1664,CapyRap62,4716,75,1740
1665,Xbox,57128,2068,5510000
1666,CapyRap62,7364,96,1740
1667,CapyRap62,528,10,1740
1668,Ruki SAR,4771,182,2800
1669,CapyRap62,4873,56,1740
1670,froggycrossing,222230,2174,1040000
1671,The LA Gamer,2136,33,4510
1672,BaronVonGames,115647,3137,2530000
1673,colonel John,14172,217,249
1674,CapyRap62,1918,31,1740
1675,The LA Gamer,57522,681,4510
1676,Puddleshine,4889,168,531
1677,Ruki SAR,1427,94,2800
1678,CapyRap62,1256,25,1740
1679,The LA Gamer,9041,135,4510
1680,CapyRap62,1713,65,1740
1681,Blitz,196796,5452,4240000
1682,The LA Gamer,4660,63,4510
1683,rvreqTheSheepo,48804,976,2360
1684,CapyRap62,3905,64,1740
1685,CapyRap62,1996,49,1740
1686,MightyMacca,254,24,13000
1687,Strixiel Dreemr,970,23,195
1688,The LA Gamer,22511,296,4510
1689,CapyRap62,11378,140,1740
1690,CapyRap62,1250,44,1740
1691,LiamxF,10949,117,1130
1692,The LA Gamer,1841,46,4510
1693,CapyRap62,1241,37,1740
1694,CapyRap62,15741,234,1740
1695,CapyRap62,2388,52,1740
1696,catbaux,85345,1316,23000
1697,Puddleshine,3025,162,531
1698,The LA Gamer,11133,158,4510
1699,Ruki SAR,1686,54,2800
1700,VanossGaming,619341,23407,25900000
1701,RebuiltGames,756359,3919,397
1702,H2ODelirious,6900858,65531,13500000
1703,H2ODelirious,118023,5016,13500000
1704,RDC Live,243884,5238,449000
1705,VanossGaming,4421069,84462,25900000
1706,Ray Narvaez Jr,147089,2046,581000
1707,CaRtOoNz,731682,17405,3990000
1708,Shinobi Lockstep,408,8,208
1709,CouRage,1398418,14832,4430000
1710,McNastier,415887,18794,233000
1711,xQc,159095,3045,2360000
1712,RTGame,1146076,40433,2860000
1713,xQc,124327,2882,2360000
1714,Party Crashers,264090,7973,190000
1715,Ray Narvaez Jr,73862,1492,581000
1716,Solidarity,680934,24787,1220000
1717,ItsFunneh,2602851,31357,11400000
1718,Slogo,3533318,120970,11800000
1719,Sossage Party,13496,1126,62200
1720,QuarterJade,112633,7221,679000
1721,CaRtOoNz,514771,14685,3990000
1722,BARAA,3346634,172883,1650000
1723,ItsFunneh,1790992,27524,11400000
1724,SSundee,2660301,149031,24200000
1725,ItsFunneh,2975149,25471,11400000
1726,PG,501657,23758,209000
1727,SSundee,4254441,147743,24200000
1728,loltyler1,280027,8625,2730000
1729,RDC Live,133744,3386,449000
1730,Valkyrae2,72059,3366,348000
1731,Asmongold Gaming,105229,2589,160000
1732,YourRAGE Gaming,72311,2325,139000
1733,ChilledChaosGAME,81322,2404,416000
1734,ChilledChaosGAME,271346,3333,416000
1735,TimTheTatman,277255,6926,5440000
1736,JeromeACE,24972,1337,807000
1737,julien 2,40094,759,594000
1738,Disguised Toast,799892,35089,3810000
1739,Slogo,746214,43220,11800000
1740,BasicallyIDoWrk,1119484,24142,4790000
1741,Sigils,67462,3604,1390000
1742,Nexxuz World,168456,7815,4520000
1743,xQc,327805,6921,2360000
1744,Zsozeatya VOD,9747,337,148000
1745,Felipe Neto,4285444,230920,46700000
1746,julien 2,43685,1147,594000
1747,ZooMaa Live,111634,1851,116000
1748,ItsFunneh,2879733,23323,11400000
1749,Mr. Fruit,384651,8658,2130000
1750,sparpweed,297185,1322,314
1751,PewDiePie,5944993,162666,111000000
1752,Raiin,35988,265,3330
1753,Good Mythical MORE,1933344,21628,4280000
1754,sparpweed,13301,107,314
1755,PlayFrame,12009,677,135000
1756,PlayStation,26961,718,15900000
1757,sparpweed,19322,88,314
1758,‰∏â‰∏ÉÁôæ„Ç¢„É°,36,5,705
1759,Nintendo World Report TV,10700,96,88100
1760,sparpweed,30167,181,314
1761,sparpweed,80691,183,314
1762,ClassicalPan,17728,53,63
1763,C Petti,7158,20,859
1764,SUBWAY CIRCUIT,3023,21,2660
1765,sparpweed,3766,40,314
1766,LetsPlay,808843,14622,3530000
1767,The Co-op Mode,139686,745,79700
1768,GameSpot,23825,213,5580000
1769,LtFlashfire,22192,72,16
1770,Handheld Players,7682,32,62500
1771,Kryoz,210965,7740,1630000
1772,Controle Dois,117943,9330,2370000
1773,C Petti,9974,15,859
1774,benstephens56,2966,48,4710
1775,ClassicalPan,7425,33,63
1776,Mystic,5290,127,795000
1777,MadMorph,310170,7133,481000
1778,Game & Gig,831,25,34300
1779,Kryoz,62428,2714,1630000
1780,CaptureRapture,1407,4,3570
1781,Natalie,8802,79,1880
1782,ÌôîÎÇúÍ≥†ÏñëÏù¥,5670,29,28
1783,LtFlashfire,7817,27,16
1784,LtFlashfire,11999,49,16
1785,C Petti,5715,15,859
1786,Visual Novel TV,2390,40,225
1787,AchievementHuntersAnon,4842,26,2180
1788,myke420247,928,28,7060
1789,ClassicalPan,8362,15,63
1790,KipCast,15048,24,82
1791,Binglesquirk Uppercase,31,1,412
1792,CaptureRapture,302,4,3570
1793,BroDUDEgamer,26993,71,395
1794,C Petti,10996,26,859
1795,ActualAzza,1969,54,540
1796,M.O.D. Gamers,5107,13,2800
1797,PewDiePie,2283948,85979,111000000
1798,Animators VS Games,15932,500,1230000
1799,ClassicalPan,2149,6,63
1800,ISAB,74432,4159,729000
1801,Ethan Reid,18439,706,247000
1802,Ethan Reid,23450,918,247000
1803,Dabloon,136366,2436,256000
1804,Hbomb,121427,3587,261000
1805,ISAB,105343,5626,729000
1806,Tewtiy,32405,1004,1730000
1807,SsethTzeentach,5767274,213688,1510000
1808,Buzlaitir,3326,356,93300
1809,TheNeoGod,4123362,131157,203000
1810,Ethan Reid,17755,733,247000
1811,Tewtiy,311164,5853,1730000
1812,SJB,38311,1242,808000
1813,Raxzor,522356,19309,22800
1814,Tewtiy,502484,9810,1730000
1815,Mehalic POPs,13402,772,15400
1816,Tewtiy,5747162,138051,1730000
1817,Tewbre,181269,4227,807000
1818,ISAB,191288,8272,729000
1819,Ninja Kiwi,148977,9461,257000
1820,TheManBeHisLa,335302,14538,43600
1821,TheNeoGod,1671092,32568,203000
1822,Tewtiy,48431,1697,1730000
1823,Tewbre,52512,2292,807000
1824,Dabloon,393344,9869,256000
1825,Ethan Reid,59102,2286,247000
1826,Tewbre,2197176,86910,807000
1827,Socksfor2,5331496,60951,2590000
1828,TheNeoGod,2206876,38365,203000
1829,SJB,1446673,70427,808000
1830,Tewbre,824270,30215,807000
1831,BeckBroPlays,878442,13486,2480000
1832,EazySpeezy,4174382,92176,3000000
1833,BeckBroPlays,136811,3171,2480000
1834,TheNeoGod,563670,14492,203000
1835,ISAB,741699,24417,729000
1836,Mehalic POPs,30151,1314,15400
1837,Dabloon,1568086,76131,256000
1838,bloon room,5853122,199003,93000
1839,BTD6 Fenix,2133942,149188,122000
1840,SJB,118490,3224,808000
1841,Tewbre,69724,1747,807000
1842,Tewbre,1129011,38787,807000
1843,Tewtiy,558880,10680,1730000
1844,OrangE,17175600,233884,179000
1845,Tewtiy,78110,3660,1730000
1846,MackanRules,1731122,58451,86200
1847,Tewtiy,1610404,18729,1730000
1848,Tewtiy,83462,2563,1730000
1849,SJB,415140,21078,808000
